datetime,cash,long_value,short_exposure,total_value
2026-07-21 09:00,500000,0,0,500000
2026-07-21 09:10,500000,0,0,500000
2026-07-21 09:20,500000,0,0,500000
2026-07-21 09:30,500000,0,0,500000
2026-07-21 09:40,500000,0,0,500000
2026-07-21 09:50,500000,0,0,500000
2026-07-21 10:00,500000,0,0,500000
2026-07-21 10:10,500000,0,0,500000
2026-07-21 10:20,500000,0,0,500000
2026-07-21 10:30,500000,0,0,500000
2026-07-21 10:40,500000,0,0,500000
2026-07-21 10:50,500000,0,0,500000
2026-07-21 11:00,500000,0,0,500000
2026-07-21 11:10,500000,0,0,500000
2026-07-21 11:20,500000,0,0,500000
2026-07-21 11:30,500000,0,0,500000
2026-07-21 11:40,500000,0,0,500000
2026-07-21 11:50,500000,0,0,500000
2026-07-21 12:00,500000,0,0,500000
2026-07-21 12:10,500000,0,0,500000
2026-07-21 12:20,500000,0,0,500000
2026-07-21 12:30,500000,0,0,500000
2026-07-21 12:40,500000,0,0,500000
2026-07-21 12:50,500000,0,0,500000
2026-07-21 13:00,500000,0,0,500000
2026-07-21 13:10,500000,0,0,500000
2026-07-21 13:20,500000,0,0,500000
2026-07-21 13:30,500000,0,0,500000
2026-07-21 13:40,500000,0,0,500000
2026-07-21 13:50,500000,0,0,500000
2026-07-21 14:00,500000,0,0,500000
2026-07-21 14:10,500000,0,0,500000
2026-07-21 14:20,500000,0,0,500000
2026-07-21 14:30,500000,0,0,500000
2026-07-21 14:40,500000,0,0,500000
2026-07-21 14:50,500000,0,0,500000
2026-07-21 15:00,500000,0,0,500000
2026-07-21 15:10,500000,0,0,500000
2026-07-21 15:20,500000,0,0,500000
2026-07-21 15:30,500000,0,0,500000
2026-07-22 09:00,500000,0,0,500000
2026-07-22 09:10,500000,0,0,500000
2026-07-22 09:20,900,497180,0,498080
2026-07-22 09:30,900,497380,0,498280
2026-07-22 09:40,900,495980,0,496880
2026-07-22 09:50,900,497500,0,498400
2026-07-22 10:00,900,498670,0,499570
2026-07-22 10:10,900,500000,0,500900
2026-07-22 10:20,900,499920,0,500820
2026-07-22 10:30,900,499010,0,499910
2026-07-22 10:40,900,500450,0,501350
2026-07-22 10:50,900,500610,0,501510
2026-07-22 11:00,900,500040,0,500940
2026-07-22 11:10,900,499790,0,500690
2026-07-22 11:20,900,498950,0,499850
2026-07-22 11:30,900,498870,0,499770
2026-07-22 11:40,900,498510,0,499410
2026-07-22 11:50,900,498510,0,499410
2026-07-22 12:00,900,498510,0,499410
2026-07-22 12:10,900,498510,0,499410
2026-07-22 12:20,900,498510,0,499410
2026-07-22 12:30,900,498510,0,499410
2026-07-22 12:40,900,498510,0,499410
2026-07-22 12:50,900,499570,0,500470
2026-07-22 13:00,900,499910,0,500810
2026-07-22 13:10,900,499490,0,500390
2026-07-22 13:20,900,499610,0,500510
2026-07-22 13:30,900,499580,0,500480
2026-07-22 13:40,900,499660,0,500560
2026-07-22 13:50,900,499730,0,500630
2026-07-22 14:00,900,499570,0,500470
2026-07-22 14:10,900,499310,0,500210
2026-07-22 14:20,900,500190,0,501090
2026-07-22 14:30,900,500090,0,500990
2026-07-22 14:40,900,500710,0,501610
2026-07-22 14:50,900,501290,0,502190
2026-07-22 15:00,900,500990,0,501890
2026-07-22 15:10,900,500090,0,500990
2026-07-22 15:20,900,499830,0,500730
2026-07-22 15:30,900,499550,0,500450
2026-07-23 09:00,900,499200,0,500100
2026-07-23 09:10,900,499200,0,500100
2026-07-23 09:20,900,500260,0,501160
2026-07-23 09:30,900,501550,0,502450
2026-07-23 09:40,900,503600,0,504500
2026-07-23 09:50,900,503210,0,504110
2026-07-23 10:00,900,502860,0,503760
2026-07-23 10:10,900,501840,0,502740
2026-07-23 10:20,900,502260,0,503160
2026-07-23 10:30,900,502400,0,503300
2026-07-23 10:40,900,502310,0,503210
2026-07-23 10:50,900,502300,0,503200
2026-07-23 11:00,900,502340,0,503240
2026-07-23 11:10,900,501920,0,502820
2026-07-23 11:20,900,501740,0,502640
2026-07-23 11:30,900,502120,0,503020
2026-07-23 11:40,900,501870,0,502770
2026-07-23 11:50,900,502310,0,503210
2026-07-23 12:00,900,502310,0,503210
2026-07-23 12:10,900,502310,0,503210
2026-07-23 12:20,900,502310,0,503210
2026-07-23 12:30,900,502310,0,503210
2026-07-23 12:40,900,502310,0,503210
2026-07-23 12:50,900,502290,0,503190
2026-07-23 13:00,900,502700,0,503600
2026-07-23 13:10,900,503350,0,504250
2026-07-23 13:20,900,502820,0,503720
2026-07-23 13:30,900,503040,0,503940
2026-07-23 13:40,900,503090,0,503990
2026-07-23 13:50,900,502790,0,503690
2026-07-23 14:00,900,502930,0,503830
2026-07-23 14:10,900,502350,0,503250
2026-07-23 14:20,900,502200,0,503100
2026-07-23 14:30,900,502180,0,503080
2026-07-23 14:40,900,502510,0,503410
2026-07-23 14:50,900,502530,0,503430
2026-07-23 15:00,900,501860,0,502760
2026-07-23 15:10,900,501470,0,502370
2026-07-23 15:20,900,502000,0,502900
2026-07-23 15:30,900,502030,0,502930
2026-07-24 09:00,900,503290,0,504190
2026-07-24 09:10,900,503290,0,504190
2026-07-24 09:20,900,501480,0,502380
2026-07-24 09:30,900,504560,0,505460
2026-07-24 09:40,900,504530,0,505430
2026-07-24 09:50,900,503560,0,504460
2026-07-24 10:00,900,503400,0,504300
2026-07-24 10:10,900,502930,0,503830
2026-07-24 10:20,900,502640,0,503540
2026-07-24 10:30,900,502320,0,503220
2026-07-24 10:40,900,502070,0,502970
2026-07-24 10:50,900,502850,0,503750
2026-07-24 11:00,900,502760,0,503660
2026-07-24 11:10,900,502150,0,503050
2026-07-24 11:20,900,501970,0,502870
2026-07-24 11:30,900,502590,0,503490
2026-07-24 11:40,900,502980,0,503880
2026-07-24 11:50,900,503380,0,504280
2026-07-24 12:00,900,503380,0,504280
2026-07-24 12:10,900,503380,0,504280
2026-07-24 12:20,900,503380,0,504280
2026-07-24 12:30,900,503380,0,504280
2026-07-24 12:40,900,503380,0,504280
2026-07-24 12:50,900,503620,0,504520
2026-07-24 13:00,900,503360,0,504260
2026-07-24 13:10,900,503530,0,504430
2026-07-24 13:20,900,503490,0,504390
2026-07-24 13:30,900,503640,0,504540
2026-07-24 13:40,900,504040,0,504940
2026-07-24 13:50,900,504040,0,504940
2026-07-24 14:00,900,503890,0,504790
2026-07-24 14:10,900,503830,0,504730
2026-07-24 14:20,900,504380,0,505280
2026-07-24 14:30,900,503990,0,504890
2026-07-24 14:40,900,503630,0,504530
2026-07-24 14:50,900,503020,0,503920
2026-07-24 15:00,900,503570,0,504470
2026-07-24 15:10,900,503440,0,504340
2026-07-24 15:20,900,502750,0,503650
2026-07-24 15:30,900,502490,0,503390
2026-07-27 09:00,900,502940,0,503840
2026-07-27 09:10,900,502940,0,503840
2026-07-27 09:20,900,508220,0,509120
2026-07-27 09:30,900,509000,0,509900
2026-07-27 09:40,900,508920,0,509820
2026-07-27 09:50,900,509070,0,509970
2026-07-27 10:00,900,509230,0,510130
2026-07-27 10:10,900,509060,0,509960
2026-07-27 10:20,900,509090,0,509990
2026-07-27 10:30,900,510130,0,511030
2026-07-27 10:40,900,509060,0,509960
2026-07-27 10:50,900,508530,0,509430
2026-07-27 11:00,900,508130,0,509030
2026-07-27 11:10,900,508770,0,509670
2026-07-27 11:20,900,508950,0,509850
2026-07-27 11:30,900,510140,0,511040
2026-07-27 11:40,900,510290,0,511190
2026-07-27 11:50,900,509970,0,510870
2026-07-27 12:00,900,509970,0,510870
2026-07-27 12:10,900,509970,0,510870
2026-07-27 12:20,900,509970,0,510870
2026-07-27 12:30,900,509970,0,510870
2026-07-27 12:40,900,509970,0,510870
2026-07-27 12:50,900,510890,0,511790
2026-07-27 13:00,900,510220,0,511120
2026-07-27 13:10,900,509920,0,510820
2026-07-27 13:20,900,510460,0,511360
2026-07-27 13:30,900,510910,0,511810
2026-07-27 13:40,900,510830,0,511730
2026-07-27 13:50,900,510940,0,511840
2026-07-27 14:00,900,511560,0,512460
2026-07-27 14:10,900,512020,0,512920
2026-07-27 14:20,900,512010,0,512910
2026-07-27 14:30,900,513010,0,513910
2026-07-27 14:40,900,512990,0,513890
2026-07-27 14:50,900,512570,0,513470
2026-07-27 15:00,900,512870,0,513770
2026-07-27 15:10,900,512510,0,513410
2026-07-27 15:20,900,512970,0,513870
2026-07-27 15:30,900,512580,0,513480
2026-07-28 09:00,900,513530,0,514430
2026-07-28 09:10,900,513530,0,514430
2026-07-28 09:20,900,512760,0,513660
2026-07-28 09:30,900,511110,0,512010
2026-07-28 09:40,900,510590,0,511490
2026-07-28 09:50,900,511380,0,512280
2026-07-28 10:00,900,508810,0,509710
2026-07-28 10:10,900,508600,0,509500
2026-07-28 10:20,900,509440,0,510340
2026-07-28 10:30,900,509510,0,510410
2026-07-28 10:40,900,509330,0,510230
2026-07-28 10:50,900,510210,0,511110
2026-07-28 11:00,900,509350,0,510250
2026-07-28 11:10,900,508960,0,509860
2026-07-28 11:20,900,509780,0,510680
2026-07-28 11:30,900,510490,0,511390
2026-07-28 11:40,900,511600,0,512500
2026-07-28 11:50,900,511780,0,512680
2026-07-28 12:00,900,511780,0,512680
2026-07-28 12:10,900,511780,0,512680
2026-07-28 12:20,900,511780,0,512680
2026-07-28 12:30,900,511780,0,512680
2026-07-28 12:40,900,511780,0,512680
2026-07-28 12:50,900,510340,0,511240
2026-07-28 13:00,900,510960,0,511860
2026-07-28 13:10,900,511860,0,512760
2026-07-28 13:20,900,511560,0,512460
2026-07-28 13:30,900,510440,0,511340
2026-07-28 13:40,900,510320,0,511220
2026-07-28 13:50,900,511190,0,512090
2026-07-28 14:00,900,511190,0,512090
2026-07-28 14:10,900,510660,0,511560
2026-07-28 14:20,900,510360,0,511260
2026-07-28 14:30,900,510320,0,511220
2026-07-28 14:40,900,510510,0,511410
2026-07-28 14:50,900,510870,0,511770
2026-07-28 15:00,900,511860,0,512760
2026-07-28 15:10,900,513080,0,513980
2026-07-28 15:20,900,512660,0,513560
2026-07-28 15:30,900,513310,0,514210
2026-07-29 09:00,900,512980,0,513880
2026-07-29 09:10,900,512980,0,513880
2026-07-29 09:20,900,518760,0,519660
2026-07-29 09:30,900,517580,0,518480
2026-07-29 09:40,900,517790,0,518690
2026-07-29 09:50,900,519610,0,520510
2026-07-29 10:00,900,520310,0,521210
2026-07-29 10:10,900,518710,0,519610
